{
	"class_name" : "PinholeCameraParameters",
	"extrinsic" : 
	[
		1.0,
		-0.0,
		-0.0,
		0.0,
		0.0,
		-1.0,
		-0.0,
		0.0,
		0.0,
		-0.0,
		-1.0,
		0.0,
		-0.0,
		20.0,
		69.155265614240321,
		1.0
	],
	"intrinsic" : 
	{
		"height" : 900,
		"intrinsic_matrix" : 
		[
			779.4228634059948,
			0.0,
			0.0,
			0.0,
			779.4228634059948,
			0.0,
			299.5,
			449.5,
			1.0
		],
		"width" : 600
	},
	"version_major" : 1,
	"version_minor" : 0
}