{
	"class_name" : "PinholeCameraParameters",
	"extrinsic" : 
	[
		1.0,
		0.0,
		-0.0,
		0.0,
		0.0,
		-0.51052593266223023,
		0.85986235647303455,
		0.0,
		0.0,
		-0.85986235647303455,
		-0.51052593266223023,
		0.0,
		-0.044363123575846611,
		1.0558912755912644,
		19.663466063008748,
		1.0
	],
	"intrinsic" : 
	{
		"height" : 900,
		"intrinsic_matrix" : 
		[
			779.4228634059948,
			0.0,
			0.0,
			0.0,
			779.4228634059948,
			0.0,
			299.5,
			449.5,
			1.0
		],
		"width" : 600
	},
	"version_major" : 1,
	"version_minor" : 0
}